{
    "Cut banana": {
        "macro_precision": 0.26401099686549395,
        "macro_recall": 0.31165938496334933,
        "macro_f1": 0.28293734667255677,
        "micro_precision": 0.6108672936259143,
        "micro_recall": 0.6108672936259143,
        "micro_f1": 0.6108672936259143,
        "accuracy": 0.6108672936259143
    },
    "Writing": {
        "macro_precision": 0.5747845328893405,
        "macro_recall": 0.47014954742227466,
        "macro_f1": 0.45902733055152833,
        "micro_precision": 0.6580290537887711,
        "micro_recall": 0.6580290537887711,
        "micro_f1": 0.6580290537887711,
        "accuracy": 0.6580290537887711
    },
    "Pencil": {
        "macro_precision": 0.47390072635974273,
        "macro_recall": 0.4665155886306265,
        "macro_f1": 0.4643686492213196,
        "micro_precision": 0.57356608478803,
        "micro_recall": 0.57356608478803,
        "micro_f1": 0.57356608478803,
        "accuracy": 0.57356608478803
    },
    "Toothbrush": {
        "macro_precision": 0.4827312562313763,
        "macro_recall": 0.5215601510095392,
        "macro_f1": 0.49999736871489814,
        "micro_precision": 0.6869284561592254,
        "micro_recall": 0.6869284561592254,
        "micro_f1": 0.6869284561592254,
        "accuracy": 0.6869284561592254
    },
    "Straw": {
        "macro_precision": 0.3524166511454647,
        "macro_recall": 0.394906537176274,
        "macro_f1": 0.3229336592666176,
        "micro_precision": 0.40441176470588236,
        "micro_recall": 0.40441176470588236,
        "micro_f1": 0.4044117647058824,
        "accuracy": 0.40441176470588236
    },
    "Remote": {
        "macro_precision": 0.4935864935392301,
        "macro_recall": 0.5077014107169585,
        "macro_f1": 0.48769257703081226,
        "micro_precision": 0.6649916247906198,
        "micro_recall": 0.6649916247906198,
        "micro_f1": 0.6649916247906198,
        "accuracy": 0.6649916247906198
    },
    "Chips": {
        "macro_precision": 0.3955048574613792,
        "macro_recall": 0.45786386609171414,
        "macro_f1": 0.2958630493966183,
        "micro_precision": 0.3357664233576642,
        "micro_recall": 0.3357664233576642,
        "micro_f1": 0.3357664233576642,
        "accuracy": 0.3357664233576642
    },
    "Mouse": {
        "macro_precision": 0.47781655034895315,
        "macro_recall": 0.5913978494623656,
        "macro_f1": 0.44679944418712364,
        "micro_precision": 0.5414847161572053,
        "micro_recall": 0.5414847161572053,
        "micro_f1": 0.5414847161572053,
        "accuracy": 0.5414847161572053
    },
    "Dice roll": {
        "macro_precision": 0.39883501239382413,
        "macro_recall": 0.48973073899371067,
        "macro_f1": 0.4276928087545597,
        "micro_precision": 0.5475285171102662,
        "micro_recall": 0.5475285171102662,
        "micro_f1": 0.5475285171102662,
        "accuracy": 0.5475285171102662
    },
    "Tennis balls and bag": {
        "macro_precision": 0.3835921045458567,
        "macro_recall": 0.3926607931836958,
        "macro_f1": 0.3669833178766758,
        "micro_precision": 0.3588623666835957,
        "micro_recall": 0.3588623666835957,
        "micro_f1": 0.3588623666835957,
        "accuracy": 0.3588623666835957
    },
    "Paper": {
        "macro_precision": 0.4345688853460874,
        "macro_recall": 0.5007652389485109,
        "macro_f1": 0.4642184277262691,
        "micro_precision": 0.5073746312684366,
        "micro_recall": 0.5073746312684366,
        "micro_f1": 0.5073746312684366,
        "accuracy": 0.5073746312684366
    },
    "Tupperware": {
        "macro_precision": 0.5414242146733794,
        "macro_recall": 0.5563380177614822,
        "macro_f1": 0.5143946804352122,
        "micro_precision": 0.5986099044309297,
        "micro_recall": 0.5986099044309297,
        "micro_f1": 0.5986099044309297,
        "accuracy": 0.5986099044309297
    },
    "Toilet paper roll": {
        "macro_precision": 0.2839497725838393,
        "macro_recall": 0.2606388593122275,
        "macro_f1": 0.2549879110969939,
        "micro_precision": 0.3341633466135458,
        "micro_recall": 0.3341633466135458,
        "micro_f1": 0.3341633466135458,
        "accuracy": 0.3341633466135458
    },
    "Lock and key": {
        "macro_precision": 0.2580895466410501,
        "macro_recall": 0.3194106659227088,
        "macro_f1": 0.253719954901226,
        "micro_precision": 0.42778288868445263,
        "micro_recall": 0.42778288868445263,
        "micro_f1": 0.42778288868445263,
        "accuracy": 0.42778288868445263
    },
    "Newspaper": {
        "macro_precision": 0.5720750275635751,
        "macro_recall": 0.48696056771154356,
        "macro_f1": 0.5166609874500236,
        "micro_precision": 0.6707763175721447,
        "micro_recall": 0.6707763175721447,
        "micro_f1": 0.6707763175721447,
        "accuracy": 0.6707763175721447
    },
    "Jar": {
        "macro_precision": 0.4912452056016413,
        "macro_recall": 0.5171407383865672,
        "macro_f1": 0.49280403108100373,
        "micro_precision": 0.7220328478462968,
        "micro_recall": 0.7220328478462968,
        "micro_f1": 0.7220328478462968,
        "accuracy": 0.7220328478462968
    },
    "Credit card": {
        "macro_precision": 0.34210801989259765,
        "macro_recall": 0.333760657979408,
        "macro_f1": 0.33562926664193726,
        "micro_precision": 0.37359550561797755,
        "micro_recall": 0.37359550561797755,
        "micro_f1": 0.3735955056179776,
        "accuracy": 0.37359550561797755
    },
    "Hang clothes": {
        "macro_precision": 0.5019127185308936,
        "macro_recall": 0.4694890046062891,
        "macro_f1": 0.4834048702588766,
        "micro_precision": 0.6679049034175334,
        "micro_recall": 0.6679049034175334,
        "micro_f1": 0.6679049034175334,
        "accuracy": 0.6679049034175334
    },
    "Pill box": {
        "macro_precision": 0.32892145069034295,
        "macro_recall": 0.32300594341202077,
        "macro_f1": 0.3244209863563538,
        "micro_precision": 0.4952290076335878,
        "micro_recall": 0.4952290076335878,
        "micro_f1": 0.4952290076335878,
        "accuracy": 0.4952290076335878
    },
    "Open drawer": {
        "macro_precision": 0.2106829573934837,
        "macro_recall": 0.3273628048780488,
        "macro_f1": 0.19728466103218847,
        "micro_precision": 0.23931623931623933,
        "micro_recall": 0.23931623931623933,
        "micro_f1": 0.23931623931623933,
        "accuracy": 0.23931623931623933
    },
    "Pour water": {
        "macro_precision": 0.372635107046936,
        "macro_recall": 0.3037824189209765,
        "macro_f1": 0.330623120190314,
        "micro_precision": 0.5337284786903754,
        "micro_recall": 0.5337284786903754,
        "micro_f1": 0.5337284786903754,
        "accuracy": 0.5337284786903754
    },
    "Open plastic bottle": {
        "macro_precision": 0.25266914024864906,
        "macro_recall": 0.32651839810846756,
        "macro_f1": 0.20038408977675504,
        "micro_precision": 0.22367194780987884,
        "micro_recall": 0.22367194780987884,
        "micro_f1": 0.22367194780987884,
        "accuracy": 0.22367194780987884
    },
    "Coin and slot": {
        "macro_precision": 0.34329125596253895,
        "macro_recall": 0.2902984922575387,
        "macro_f1": 0.3069014766509353,
        "micro_precision": 0.37748643761301987,
        "micro_recall": 0.37748643761301987,
        "micro_f1": 0.37748643761301987,
        "accuracy": 0.37748643761301987
    },
    "Tissue": {
        "macro_precision": 0.465920115841754,
        "macro_recall": 0.5580357142857143,
        "macro_f1": 0.47333796064694345,
        "micro_precision": 0.59255079006772,
        "micro_recall": 0.59255079006772,
        "micro_f1": 0.59255079006772,
        "accuracy": 0.59255079006772
    },
    "Swipe card": {
        "macro_precision": 0.578453313077013,
        "macro_recall": 0.44402269424127566,