{"2": {"precision": 0.0, "recall": 0.0, "f1-score": 0.0, "support": 444}, "3": {"precision": 1.0, "recall": 0.005649717514124294, "f1-score": 0.011235955056179775, "support": 1770}, "4": {"precision": 0.1840726510653161, "recall": 1.0, "f1-score": 0.3109144542772861, "support": 527}, "micro avg": {"precision": 0.18691263487643578, "recall": 0.19591390003648304, "f1-score": 0.19130744567153543, "support": 2741}, "macro avg": {"precision": 0.3946908836884387, "recall": 0.3352165725047081, "f1-score": 0.10738346977782194, "support": 2741}, "weighted avg": {"precision": 0.6811405644332075, "recall": 0.19591390003648304, "f1-score": 0.06703376791447209, "support": 2741}}