{"2": {"precision": 1.0, "recall": 0.0013605442176870747, "f1-score": 0.0027173913043478256, "support": 735}, "3": {"precision": 0.6039922730199614, "recall": 0.8051502145922746, "f1-score": 0.6902133922001472, "support": 2330}, "4": {"precision": 0.0011086474501108647, "recall": 0.02, "f1-score": 0.0021008403361344537, "support": 50}, "micro avg": {"precision": 0.46844599650785734, "recall": 0.6028892455858748, "f1-score": 0.5272318921953958, "support": 3115}, "macro avg": {"precision": 0.5350336401566907, "recall": 0.2755035862699872, "f1-score": 0.2316772079468765, "support": 3115}, "weighted avg": {"precision": 0.6877551937428621, "recall": 0.6028892455858748, "f1-score": 0.5169500893906406, "support": 3115}}