{"2": {"precision": 0.0, "recall": 0.0, "f1-score": 0.0, "support": 34}, "3": {"precision": 0.4107460035523979, "recall": 0.8043478260869565, "f1-score": 0.5437977660199882, "support": 1150}, "4": {"precision": 0.16605166051660517, "recall": 0.033707865168539325, "f1-score": 0.05603985056039851, "support": 1335}, "micro avg": {"precision": 0.38446294094332145, "recall": 0.3850734418420008, "f1-score": 0.38476794922649743, "support": 2519}, "macro avg": {"precision": 0.192265888023001, "recall": 0.2793518970851653, "f1-score": 0.19994587219346224, "support": 2519}, "weighted avg": {"precision": 0.27552079034336063, "recall": 0.3850734418420008, "f1-score": 0.2779597584045726, "support": 2519}}