{"2": {"precision": 0.0, "recall": 0.0, "f1-score": 0.0, "support": 263}, "3": {"precision": 0.5, "recall": 0.0010309278350515464, "f1-score": 0.00205761316872428, "support": 970}, "4": {"precision": 0.1612271540469974, "recall": 1.0, "f1-score": 0.2776840921866217, "support": 247}, "micro avg": {"precision": 0.16166883963494133, "recall": 0.16756756756756758, "f1-score": 0.1645653616456536, "support": 1480}, "macro avg": {"precision": 0.22040905134899913, "recall": 0.33367697594501716, "f1-score": 0.09324723511844867, "support": 1480}, "weighted avg": {"precision": 0.35461020746595157, "recall": 0.16756756756756758, "f1-score": 0.04769179428632305, "support": 1480}}