{"2": {"precision": 0.03333333333333333, "recall": 0.0016778523489932886, "f1-score": 0.003194888178913738, "support": 596}, "3": {"precision": 0.8164251207729468, "recall": 0.286117381489842, "f1-score": 0.4237358963643962, "support": 1772}, "4": {"precision": 0.0784313725490196, "recall": 0.8705882352941177, "f1-score": 0.1438988818667963, "support": 170}, "accuracy": 0.25847123719464143, "macro avg": {"precision": 0.3093966088850999, "recall": 0.3861278230443177, "f1-score": 0.1902765554700354, "support": 2538}, "weighted avg": {"precision": 0.5830990204923805, "recall": 0.25847123719464143, "f1-score": 0.30623600143014107, "support": 2538}}