{"2": {"precision": 0.4, "recall": 0.0017167381974248926, "f1-score": 0.003418803418803419, "support": 1165}, "3": {"precision": 0.3842940685045948, "recall": 0.7641196013289037, "f1-score": 0.5113952195664256, "support": 602}, "4": {"precision": 0.0, "recall": 0.0, "f1-score": 0.0, "support": 0}, "micro avg": {"precision": 0.2862453531598513, "recall": 0.2614601018675722, "f1-score": 0.2732919254658385, "support": 1767}, "macro avg": {"precision": 0.2614313561681983, "recall": 0.2552787798421095, "f1-score": 0.17160467432840967, "support": 1767}, "weighted avg": {"precision": 0.3946491393547063, "recall": 0.2614601018675722, "f1-score": 0.1764815099954127, "support": 1767}}