{"2": {"precision": 0.0, "recall": 0.0, "f1-score": 0.0, "support": 146}, "3": {"precision": 0.0, "recall": 0.0, "f1-score": 0.0, "support": 89}, "4": {"precision": 0.6251141552511416, "recall": 0.9863112391930836, "f1-score": 0.7652319731693684, "support": 1388}, "micro avg": {"precision": 0.5967741935483871, "recall": 0.8434996919285275, "f1-score": 0.6990043400561655, "support": 1623}, "macro avg": {"precision": 0.20837138508371386, "recall": 0.3287704130643612, "f1-score": 0.2550773243897895, "support": 1623}, "weighted avg": {"precision": 0.5346016312314137, "recall": 0.8434996919285275, "f1-score": 0.6544312869741733, "support": 1623}}