{"2": {"precision": 0.0, "recall": 0.0, "f1-score": 0.0, "support": 133}, "3": {"precision": 0.06599286563614744, "recall": 0.4567901234567901, "f1-score": 0.11532467532467532, "support": 243}, "4": {"precision": 0.7120500782472613, "recall": 0.27393136664659845, "f1-score": 0.39565217391304347, "support": 1661}, "micro avg": {"precision": 0.24386040499784575, "recall": 0.2778595974472263, "f1-score": 0.25975217989903626, "support": 2037}, "macro avg": {"precision": 0.25934764796113624, "recall": 0.24357383003446284, "f1-score": 0.17032561641257293, "support": 2037}, "weighted avg": {"precision": 0.588488682532295, "recall": 0.2778595974472263, "f1-score": 0.3363780839339525, "support": 2037}}