{"2": {"precision": 0.0, "recall": 0.0, "f1-score": 0.0, "support": 185}, "3": {"precision": 0.0, "recall": 0.0, "f1-score": 0.0, "support": 42}, "4": {"precision": 0.809016393442623, "recall": 0.802439024390244, "f1-score": 0.8057142857142858, "support": 1230}, "micro avg": {"precision": 0.6709721278042148, "recall": 0.6774193548387096, "f1-score": 0.6741803278688524, "support": 1457}, "macro avg": {"precision": 0.269672131147541, "recall": 0.267479674796748, "f1-score": 0.2685714285714286, "support": 1457}, "weighted avg": {"precision": 0.6829719725013221, "recall": 0.6774193548387097, "f1-score": 0.6801843317972351, "support": 1457}}