{"2": {"precision": 0.0, "recall": 0.0, "f1-score": 0.0, "support": 341}, "3": {"precision": 0.12822349570200572, "recall": 0.910941475826972, "f1-score": 0.22480376766091054, "support": 393}, "4": {"precision": 0.8397683397683398, "recall": 0.17180094786729858, "f1-score": 0.2852459016393442, "support": 2532}, "micro avg": {"precision": 0.23957703927492446, "recall": 0.24280465401102266, "f1-score": 0.24118004866180048, "support": 3266}, "macro avg": {"precision": 0.3226639451567818, "recall": 0.36091414123142357, "f1-score": 0.17001655643341826, "support": 3266}, "weighted avg": {"precision": 0.6664682394685623, "recall": 0.24280465401102266, "f1-score": 0.24819060123746398, "support": 3266}}