{"2": {"precision": 0.0, "recall": 0.0, "f1-score": 0.0, "support": 1138}, "3": {"precision": 0.2716417910447761, "recall": 1.0, "f1-score": 0.42723004694835676, "support": 728}, "4": {"precision": 0.0, "recall": 0.0, "f1-score": 0.0, "support": 234}, "micro avg": {"precision": 0.2716417910447761, "recall": 0.3466666666666667, "f1-score": 0.304602510460251, "support": 2100}, "macro avg": {"precision": 0.09054726368159204, "recall": 0.3333333333333333, "f1-score": 0.14241001564945224, "support": 2100}, "weighted avg": {"precision": 0.0941691542288557, "recall": 0.3466666666666667, "f1-score": 0.14810641627543034, "support": 2100}}