{"2": {"precision": 0.0, "recall": 0.0, "f1-score": 0.0, "support": 131}, "3": {"precision": 0.020202020202020204, "recall": 0.03076923076923077, "f1-score": 0.024390243902439025, "support": 65}, "4": {"precision": 0.7650903498654363, "recall": 0.9664885866925692, "f1-score": 0.8540772532188841, "support": 2059}, "micro avg": {"precision": 0.7375046279155868, "recall": 0.8833702882483371, "f1-score": 0.8038740920096852, "support": 2255}, "macro avg": {"precision": 0.26176412335581883, "recall": 0.33241927248726666, "f1-score": 0.29282249904044105, "support": 2255}, "weighted avg": {"precision": 0.6991725772443746, "recall": 0.8833702882483371, "f1-score": 0.7805456453354062, "support": 2255}}