{"2": {"precision": 0.0, "recall": 0.0, "f1-score": 0.0, "support": 0}, "3": {"precision": 0.0, "recall": 0.0, "f1-score": 0.0, "support": 98}, "4": {"precision": 0.34380610412926393, "recall": 1.0, "f1-score": 0.511690046760187, "support": 383}, "micro avg": {"precision": 0.29712955779674166, "recall": 0.7962577962577962, "f1-score": 0.43276836158192084, "support": 481}, "macro avg": {"precision": 0.11460203470975465, "recall": 0.3333333333333333, "f1-score": 0.17056334892006234, "support": 481}, "weighted avg": {"precision": 0.2737582908139461, "recall": 0.7962577962577962, "f1-score": 0.4074371890003153, "support": 481}}