{"2": {"precision": 0.0, "recall": 0.0, "f1-score": 0.0, "support": 0}, "3": {"precision": 0.0, "recall": 0.0, "f1-score": 0.0, "support": 34}, "4": {"precision": 0.28618421052631576, "recall": 0.17382617382617382, "f1-score": 0.21628340584213795, "support": 1001}, "micro avg": {"precision": 0.07855530474040633, "recall": 0.1681159420289855, "f1-score": 0.10707692307692308, "support": 1035}, "macro avg": {"precision": 0.09539473684210525, "recall": 0.057942057942057944, "f1-score": 0.07209446861404599, "support": 1035}, "weighted avg": {"precision": 0.2767829900839054, "recall": 0.1681159420289855, "f1-score": 0.20917844371785516, "support": 1035}}