{"2": {"precision": 0.0, "recall": 0.0, "f1-score": 0.0, "support": 0}, "3": {"precision": 0.0, "recall": 0.0, "f1-score": 0.0, "support": 44}, "4": {"precision": 0.7389380530973452, "recall": 0.9994015559545183, "f1-score": 0.8496565759348766, "support": 1671}, "micro avg": {"precision": 0.7386112339672711, "recall": 0.9737609329446064, "f1-score": 0.8400402414486923, "support": 1715}, "macro avg": {"precision": 0.24631268436578171, "recall": 0.3331338519848394, "f1-score": 0.2832188586449589, "support": 1715}, "weighted avg": {"precision": 0.7199798756417864, "recall": 0.9737609329446064, "f1-score": 0.8278578066397545, "support": 1715}}