{"2": {"precision": 0.0, "recall": 0.0, "f1-score": 0.0, "support": 176}, "3": {"precision": 0.0, "recall": 0.0, "f1-score": 0.0, "support": 1634}, "4": {"precision": 0.02113821138211382, "recall": 1.0, "f1-score": 0.041401273885350316, "support": 39}, "accuracy": 0.021092482422931314, "macro avg": {"precision": 0.007046070460704607, "recall": 0.3333333333333333, "f1-score": 0.013800424628450105, "support": 1849}, "weighted avg": {"precision": 0.0004458573520294424, "recall": 0.021092482422931314, "f1-score": 0.0008732556417137169, "support": 1849}}